key,sw
title,Mwongozo Wa Ukusanyaji Wa Takwimu Za Uvuvi
subtitle,Mwongozo wa kusimamia/kufanya tafiti ili kupata takwimu za uvuvi
intro,Utangulizi
p1,"Nakala hii inatoa mwongozo na mapendekezo kwa ajili ya kusimamia fomu tatu za utafiti ili kukusanya taarifa kuhusu jamii za uvuvi na uvuvi wanaotegemea (Mchoro 1). Fomu hizi zilibuniwa/zilitengenezwa ili kuendana na jinsi takwimu zitakavyotumika na mabadiliko yanayotarajiwa mara kwa mara. Utafiti wa juu zaidi, Utafiti wa Kijamii, una maswali yanayosaidia kujenga uelewa bora wa shughuli za uvuvi katika jamii na hali za kiuchumi. Kuelewa hali ya kiuchumi ni muhimu sana wakati kazi inaanza kwa mara ya kwanza katika jamii. Taarifa zinazokusanywa wakati wa utafiti huu ni muhimu kwa kubuni mikakati ya jinsi ya kushirikisha jamii na mipango ya kuchukuwa sampuli za takwimu. Tafiti za Ufuatiliaji wa Kutua na Ufuatiliaji wa Uvuvi hukusanya takwimu kuhusu samaki wanaotua na uvuvi. Takwimu ya kuprofaili Ufuatiliaji wa Kutua hukusanywa kwa nadra na hutoa taarifa kuhusu makazi ya samaki, aina ya vifaa/zana, jitihada, na urefu binafsi wa samaki. Utafiti wa Ufuatiliaji wa Uvuvi, ambao unapaswa kufanyika kila siku, ni utafiti wa haraka wa uvuvi unaokusanya kiwango kidogo cha taarifa zinazohitajika kufuatilia mabadiliko ya kiasi na thamani ya samaki, kama vile aina, uzito, idadi na bei."
fig1,Mchoro 1: Ratiba Ya wakati wa kusimamia/kufanya fomu tatu tofauti za uchunguzi kwa kiwango cha mwaka mmoja.
survey,Maelezo Ya Utafiti
cps,Utafiti Wa Profaili Ya Jamii
goal,Lengo
p2,Elewa mandhari ya jumla ya jamii na uvuvi unaofanyika ndani ya jamii
dc,Takwimu Zilizokusanywa
point1,"Idadi ya wanajamii, wavuvi, wafanyabiashara wa samaki, wanawake"
point2,Mandhari/mazingira ya jumla ya uvuvi unaofanyika ndani ya jamii
point3,Zana/nyenzo zinazotumika; aina samaki zinazolengwa; makazi ya samaki; misimu; vyombo
point4,Habari juu ya juhudi za uvuvi na gharama
point5,"Maoni/mitazamo juu ya uvuvi na hali ya makazi, vitisho/tishio"
point6,Taarifa kuhusu usimamizi/sheria za sasa za uvuvi
point7,"Tambua (kupitia ramani) ya maeneo muhimu ya uvuvi, makazi, maeneo ya kutua"
ta,Kundi lengwa
p3,"10-20 watoa habari muhimu ndani ya jamii, yaani, viongozi wa jamii, wavuvi wanaoheshimiwa, wafanyabiashara wa samaki, na wanawake."
ft,Mara na Wakati
p4,"Wakati kazi inaanza katika jamii mpya ya uvuvi, kufanya Utafiti wa kuprofaili jamii na zoezi la awali la utambuzi hutoa takwimu za msingi na taarifa husika za kubuni juhudi za uhifadhi na usimamizi zinazofaa zaidi kwa jamii hiyo. Kurudia Utafiti huu unaweza kusaidia kuandika mabadiliko makubwa yanayotokea kwa muda."
method,Mbinu
p5,"Taarifa zinaweza kukusanywa kupitia tafiti za wahusika tofauti (kwa mfano, sensa, rekodi za idara ya uvuvi, n.k.), vikundi vya majadiliano vinavyoundwa na wanajamii muhimu 10-20 au watoa taarifa muhimu. Viongozi wa jamii pamoja na wavuvi mbalimbali na wafanyabiashara wa samaki wenye ujuzi na anuwai (ikiwemo wanawake na vijana) ndio washiriki bora wa kujumuishwa katika kikundi majadiliano/mahojiano. Katika kuwezesha vikundi vya majadiliano, inashauriwa kuwa na, angalau, kiongozi wa majadaliano na mwandishi wa majadiliano. Katika kikundi cha majadiliano, pia inashauriwa washiriki kutoa orodha ya/mawasiliano ya wavuvi katika jamii ambao wanaweza kuwasiliana nao ili kufanya Tafiti za Kaya. Ikiwa haiwezekani kufanya Utafiti wa Kijamii katika mfumo wa kikundi cha majadiliano/mahojiano, njia mbadala ni kufanya maswali hayo hayo kama tafiti za mtu binafsi na watoa taarifa muhimu na kujumuisha majibu. Maswali yanayojumuishwa katika utafiti wa kijamii na mapendekezo ya kufanya majadiliano ya vikundi yanaweza kupatikana katika Kiambatisho hapa chini."
lms,Utafiti wa Ufuatiliaji wa Kutua
p6,"Kukusanya taarifa muhimu zinazohitajika kuhesabu viashiria rahisi vya afya ya uvuvi kulingana na urefu na kufuatilia mabadiliko katika uzalishaji wa uvuvi, thamani, na muundo wake."
point8,Tarehe imefika/imetua
point9,Mahali pa kutua
point10,Jina la mfanyabiashara wa samaki
point11,Jina la Mvuvi
point12,Jitihada za uvuvi (siku za uvuvi/wavunaji)
point13,"Utambulisho wa spishi (majina ya kawaida, ya kawaida, ya kisayansi)"
point14,Jumla ya hesabu
point15,Jumla ya uzito
point16,Jumla ya bei
point17,"Sababu jumla ya pato halikuuzwa, kama inawezekana"
p7,Wavuvi wanapotua samaki wao au kwenye nyumba ya wanunuzi wa samaki/soko.
p8,"Utafiti wa Ufuatiliaji wa Kutua unapaswa kufanywa kila siku au mara nyingi iwezekanavyo. Fanya Utafiti wa Ufuatiliaji wa Kutua kabla na baada ya utekelezaji ili kutathmini athari za kufunga eneo/maeneo ya uvuvi au mikakati mingine ya usimamizi. Tunapendekeza kukusanya data siku 30 kabla na baada ya kipindi cha kufungwa cha muda. Katika siku saba za mwanzo za vya kuchukuwa sampuli, tunapendekeza wachukuwa takwimu kufanya Utafiti wa Ufuatiliaji wa Kutua kila siku. Ikiwezekana, endelea na ufuatiliaji wa kila siku kwa kipindi cha siku 30 nzima. Ikiwa hii haiwezekani, fanya utafiti angalau 80% ya siku ndani ya kila siku 30. Pia tunapendekeza kufanya utafiti wa angalau 80% au zaidi ya wavuvi wote wanaotua samaki siku fulani kabla au baada ya kufungwa. Gawa kwa usawa wanaosaidia katika utafiti kati ya wavuvi wa mashua na wasio wa mashua. Kusanya takwimu kutoka kwa wavuvi wote wanaotua katika kijiji, bila kujali ikiwa walikuwa wanavua ndani ya eneo lililofungwa au la"
p9,"Kwa ajili ya kufunga kwa muda mrefu, hakikisha kwamba takwimu inakusanywa wakati wa mwezi uleule kila mwaka ili kuona mabadiliko katika kipindi cha kufungwa. Ikiwa hilo halitawezekana, tunapendekeza kukusanya takwimu wakati wa mwezi uleule kabla na baada ya kufungwa. Kama ilivyotajwa hapo juu, tunapendekeza kufanya utafiti angalau 80% ya siku ndani ya mwezi na 80% ya wavuvi wanaopatua samaki kila siku"
p10,"Kutumia Fomu Ya Kobo, kutana na wavuvi kwenye maeneo ya kutua/nyumba za wanunuzi kurekodi mapato yao."
lps,Utafiti wa Profaili ya Kutua
p11,Kuelewa mwelekeo wa mapato ya samaki waliorekodiwa.
point18,Tarehe imefika/imetua
point19,Mahali pa kutua
point20,Maeneo Msingi ya uvuvi
point21,Jina la mfanyabiashara wa samaki
point22,Jina la Fisher
point23,Jitihada za uvuvi (masaa na siku za uvuvi/kuvuna)
point24,"Aina ya chombo (nambari ya usajili ya chombo, nambari ya wafanyakazi)"
point25,"Utambulisho wa spishi (majina ya kawaida, ya kawaida, ya kisayansi)"
point26,Zana/nyenzo iliyotumika
point27,Mazingira ya uvuvi
point28,Jumla ya hesabu
point29,Jumla ya uzito
point30,Jumla ya bei
point31,"Sababu pato lote la samaki halikuuzwa, kama inawezekana"
point32,Sampuli za uzito na urefu binafsi (Mchoro 2-8)
point33,"Takwimu ya sampuli maalum ya shirika (jinsia, ubora wa pato, gonads, stylet, # mitego, nk.)"
p12,"Sampuli ya uwakilishi wa mapato ndani ya jamii. Rekodi angalau sampuli 50 (ikiwezekana sampuli 100) kwa kila spishi lengwa, ikiwakilisha aina mbalimbali za zana na profaili za wavuvi"
p13,"Utafiti huu unapaswa kufanyika mwanzoni mwa ushiriki katika jamii na baadaye kufanywa kila baada ya miaka miwili, kabla na baada ya kutekeleza mkakati wa usimamizi, au kama inahitajika kuelezea kupungua kwa kuchunguza kupitia data ya ufuatiliaji. Kwa kutumia Fomu Ya Kobo, kutana na wavuvi kwenye maeneo ya kutua ili kuchukua sampuli ya samaki wao na kurekodi shughuli zao za uvuvi."
p14,"Kwa kutumia Fomu Ya Kobo, kutana na wavuvi kwenye maeneo ya kutua ili kuchukua sampuli ya samaki wao na kurekodi shughuli zao za uvuvi."
ms,Usawasishaji wa kipimo: Aina Ya Urefu wa kupima kwa kikundi cha spishi
fig2,"Kielezo 2: Urefu wa jumla unapaswa kutumika kupima samaki wa mapezi, papa na mikunga (AFS)."
fig3,Kielelezo 3: Upana wa diski unapaswa kutumika kupima taa na sketi
fig4,"Kielelezo 4: Upana wa gamba unapaswa kutumika wakati wa kupima kaa (Suryandari et. al, 2018)."
fig5,Kielelezo 5: Urefu Wa Vazi unapaswa kutumika wakati wa kupima pweza na ngisi (FAO).
fig6,Kielelezo 6: urefu Wa Gamba unapaswa kutumika wakati wa kupima kamba na kamba mawe (Hart et al. 2001).
fig7,Kielelezo 7: Urefu unapaswa kutumika wakati wa kupima samakigamba na konokono.
fig8,Kielelezo 8: Urefu wa jumla unapaswa kutumika wakati wa kupima jongoo. Upana au kipenyo cha gamba kinapaswa kutumika wakati wa kupima mapoe
dfo,Muhtasari Wa Mtiririko Wa Takwimu
p15,"Ukusanyaji wa takwimu, uthibitishaji, mabadiliko, na muonekano/taswira ni vipengele vinne vikuu vya mfumo wa takwimu. Programu kuu zinazotumika ni KoboToolBox, Smartsheet, PostgreSQL, na R."
p16,"KoboToolBox ni programu huru na ya chanzo huria ambayo ni zana yenye nguvu kwa ukusanyaji wa takwimu inayopatikana kupitia mazingira magumu na majukwaa mengi, kama vile rununu, tarakilishi, na karatasi. Wakusanyaji takwimu hukusanya data kuhusu hali za kijamii na kiikolojia muhimu kwa kutathmini jamii za wavuvi na hali kupitia maswali ya uchunguzi ya kwenye KoboToolBox. Smartsheet ni jukwaa la usimamizi wa kazi kwa kushirikiana ambalo hutoa njia rahisi na angavu kwa mashirika kupanga, kufuatilia, kuendesha kiotomatiki, na kusimamia miradi na michakato mbalimbali kwa wakati halisi. Faili za marejeleo/kumbukumbu zinazotumika kujaza fomu za uchunguzi na kuunganisha takwimu za ziada kwenye seti kuu za data zinafanyika katika Smartsheet. Zaidi ya hayo, data inathibitishwa katika Smartsheet. PostgreSQL ni mfumo wa usimamizi wa hifadhidata wa bure unaotumika kama ghala la takwimu kwa programu nyingi za tuvuti, uchambuzi, na geospatial huku ukihifadhi data isiyosafishwa na iliyosafishwa katika sehemu moja. R ni mazingira ya programu ya chanzo na lugha ya programu inayotumika sana kwa sayansi ya takwimu, hesabu za takwimu, na taswira/muonekano wa takwimu. Dashibodi za takwimu zinajengwa kwa kutumia kifurushi cha Shiny kutoka lugha ya programu ya R na kuhifadhiwa kwenye shinyapps.io, jukwaa kama huduma (PaaS) kwa ajili ya kuweka programu za wavuti za Shiny"
fig9,Kielelezo 9: Mchoro Wa Mtiririko Wa Takwimu
p17,"Ukusanyaji wa data unahusisha kukusanya na kupima taarifa kutoka kwa vyanzo husika kuhusu vipengele vinavyovutia kwa ajili ya kufanya maamuzi, upangaji wa mikakati, tathmini za matokeo, na madhumuni mengine. Kwa kuingiza data za kiasi na za ubora kwenye maswali ya uchunguzi, tunakuza uelewa wa kina wa hali ya kiuchumi na ikolojia inayohusishwa na jumuiya za wavuvi na kubadilisha mikakati ya usimamizi. Uthibitishaji wa takwimu unarejelea matumizi ya mbinu za kupima hali ya takwimu iliyokusanywa na kuamua ikiwa takwimu iliyokusanywa inakidhi vigezo vya ubora vilivyobainishwa, kama vile usahihi, uthabiti, umuhimu, ukamilifu, na upekee. Ubadilishaji wa takwimu hubadilisha, kusafisha, na kupanga takwimu katika muundo unaoweza kutumika kuchambuliwa na kutathminiwa kwa ajili ya kufanya maamuzi. Uchambuzi na taswira ya takwimu inahusisha kubuni na kuunda michoro inayopatikana au maonyesho ya taarifa kwa ufanisi ili kuwasilisha takwimu za kiasi na ubora changamano zilizokusanywa, kuthibitishwa, na kubadilishwa hapo awali kwa hadhira lengwa. Tumeielezea mchakato wa mtiririko wa data hapa chini:"
step1,Takwimu hukusanywa kupitia fomu Za utafiti kwa KoboToolBox.
step2,Takwimu huvutwa kwenye hifadhidata
step3,"Ikiwa mkusanya takwimu alichagua majibu yaliyotangulia kujazwa katika uchunguzi, data haihitaji kuthibitishwa na inaweza kwenda moja kwa moja kwenye mchakato wa uchambuzi na taswira ya takwimu"
step4,"Mkusanya takwimu akiongeza takwimu kama vile mvuvi mpya, mnunuzi, mkusanyaji wa takwimu, mahali pa kutua, au spishi, takwimu inathibitishwa katika Smartsheet kabla ya kuwekwa kwenye jedwali ya mwisho ya takwimu na kuonyeshwa kwenye dashibodi. Viongozi wa wanaokusanya takwimu wanapewa taarifa kupitia barua pepe wakati takwimu inapokuwa tayari kwa uthibitishaji. Viongozi watathmini jedwali ya udhibiti wa ubora ili kuhakikisha kuwa habari mpya iliyowekwa ni sahihi."
step5,"Baada ya kuthibitisha, takwimu mpya inapelekwa kwenye faili za marejeleo na kurudishwa kwenye hifadhidata kwa ajili ya ubadilishaji wa mwisho kabla ya uchambuzi na taswira"
step6,"Baada ya takwimu kupelekwa kwenye faili za marejeleo, viongozi wa timu watapewa taarifa kupitia barua pepe ikiwa kuna habari zaidi inayohitajika kwenye faili za marejeleo"
step7,Faili za marejeleo zilizosasishwa kisha huwekwa kwenye jukwaa la KoboToolBox ili ziweze kujumuishwa katika fomu
step8,Takwimu iliyosasishwa kutoka kwenye faili za marejeleo pia hutumiwa katika mchakato wa kubadilisha data ili kuunganisha uga wa ziada wa takwimu kama vile vipimo na jinsia..
step9,Hatua za mwisho za mchakato wa ubadilishaji wa takwimu huleta jedwali kuu la matokeo ambayo hutumiwa kwa uchambuzi wa takwimu na taswira katika dashibodi za takwimu.
step10,"Dashibodi ya takwimu (yaani programu za Shiny) huunganishwa moja kwa moja na hifadhidata, zikitoa takwimu iliyosasishwa zaidi inayopatikana, hivyo kutoa washirika ufikiaji karibu wa takwimu halisi na takwimu iliyotolewa kwa muhtasari."
datasecurity,Usalama Wa takwimu
p18,Hapa chini ni orodha ya majukwaa ya programu ambapo takwimu inaweza kuhifadhiwa na kusafirishwa wakati inapotoka kwenye hifadhidata. Taarifa za usalama wa takwimu kwa kila jukwaa la nje zinapatikana kwenye tovuti maalum ya jukwaa iliyounganishwa hapa.
p19,"Taratibu za ziada za usalama zilitekelezwa, pamoja na hatua za usalama za data zilizotolewa na majukwaa ya programu hapo juu. Akaunti zote kwenye mifumo yote ya programu zinazotumiwa zinalindwa kwa nenosiri."
p20,"Tunatumia Github kama mfumo wetu wa udhibiti wa toleo kwa bidhaa zetu zilizoprogramiwa. Kwa chaguo-msingi, folda na miradi yote yenye takwimu za uvuvi na kiuchumi zinapatikana kwa faragha hufikiwa tu na wafanyakazi na wakandarasi."
p21,"Kutoka kwenye majukwaa yoyote ya takwimu yaliyosambazwa (k.m. Programu za Shiny), uthibitisho wa mtumiaji unahitajika ili kuona au kupakua takwimu, kulingana na makubaliano ya kushirikisha takwimu yaliyochaguliwa na kila shirika. Hii ni pamoja na kuthibitisha watumiaji kabla ya kuruhusu takwimu kuonekana au kupakuliwa, watumiaji kuingia kwenye majukwaa ya taswira ya data, na usimamizi wa kawaida wa watumiaji waliothibitishwa."
p22,"Upatikanaji wa nyaraka za Smartsheet (k.m. faili za marejeleo, jedwali uthibitishaji wa takwimu) umeruhusiwa tu kwa wafanyakazi waliothibitishwa na kila shirika, na kila mshirika anaweza kuona taarifa yao maalum ya mshirika pekee. Walioruhisiwa tena ni wafanyakazi ambao wanadhibiti na kusaidia mchakato wa ubora wa takwimu, na wafanyakazi wa Blue Ventures ambao wanaisaidia washirika na mchakato wa taarifa kwenye Smartsheet."
dp,Faragha Ya Takwimu
p24,"Maelezo ya kibinafsi yanayotambulika  na takwimu ya mapato ya uvuvi inamilikiwa na wavuvi na wanunuzi wa samaki na kamwe haitashirikishwa bila idhini ya awali. Ili kulinda faragha ya wavuvi, wanunuzi, na wakusanyaji wa takwimu, majina yote huwekwa kuwa nambari za kitambulisho zisizojulikana. Hivyo basi, takwimu yote iliyo kwa sehemu au kwa jumla itajumuisha nambari za kitambulisho zisizo na mpangilio. Tafadhali angalia sehemu kuhusu makubaliano ya kushiriki data kwa maelezo kamili kuhusu makubaliano ya kushiriki takwimu"
p25,Data inayohesabiwa kuwa Maelezo ya kibinafsi yanayotambulika (PII) ni pamoja NA:
point34,"Majina ya wavuvi, wanunuzi, na wachukua takwimu"
point35,Majina ya waliohojiwa kwa tafiti zozote
datasharing,Kushiriki Data
p26,"Mfumo wa data ya uvuvi umetengenezwa ili kuboresha matumizi ya takwimu yako na kutoa jukwaa kwa ushiriki wako wa moja kwa moja katika juhudi za usimamizi wa uvuvi na uhifadhi wa kina. Takwimu iliyokusanywa kwa ushirikiano kutoka kwa washirika inaweza kutoa ufahamu mkubwa kwa ufuatiliaji wa uvuvi, kutathmini mikakati ya usimamizi, kusaidia katika kufanya maamuzi kwenye viwango vya kijamii na kitaifa, kuelewa mabadiliko ya kikanda, na kutambua huduma za kifedha zinazowezekana."
p27,"Tunatambua umuhimu mkubwa wa umiliki na matumizi ya takwimu kwa washirika wote wanaochangia. Lengo letu ni kukupa uhuru wa kusimamia na kuamua jinsi takwimu yako inavyotumiwa. Kwa kuchagua moja ya viwango vitatu vya idhini ya matumizi ya takwimu, unaweza kusimamia kiwango ambacho takwimu yako inashirikishwa na watumiaji wengine. Unaweza kubadilisha viwango vya idhini kulingana na aina za takwimu, na muhimu zaidi, una uhuru wa kurekebisha kiwango cha idhini ya takwimu wakati wowote. Maelezo ya kibinafsi yanayotambulika (PII) na takwimu ya mapato ya uvuvi inamilikiwa na wavuvi na wanunuzi wa samaki na kamwe haitashirikishwa bila idhini ya awali. Kwa kuchagua kiwango cha idhini ya matumizi ya takwimu, unathibitisha kuwa idhini binafsi imetolewa na wavuvi na wanunuzi wa samaki."
p28,Data yote kwa sasa imewekwa kwenye Kiwango 1 - Binafsi. Watumiaji watapata fursa ya kurekebisha viwango vyao vya idhini kama inavyohitajika
level1,Kiwango Cha 1-Binafsi
point36,Takwimu ni kwa matumizi ya ndani tu ya mtoaji wa awali wa takwimu
point37,Takwimu zitapatikana kwa kupakuliwa na mtoaji wa awali wa takwimu.
point38,Takwimu hazitajumuishwa katika uchambuzi wa kikanda uliotolewa kwenye dashibodi.
point39,Kugawana au usambazaji usioidhinishwa wa takwimu kwa watu/mashirika ya nje ni marufuku kabisa.
level2,Kiwango cha 2-Shiriki Na Wachangiaji Wengine Wa Takwimu
point40,Takwimu ya ngazi inapatikana kwa washiriki wengine wa takwimu kupakua
point41,Muhtasari wa Takwimu na taswira zitapatikana kwa wachangiaji wengine.
point42,Takwimu zitajumuishwa katika uchambuzi wa kikanda kwenye dashibodi.
level3,Kiwango cha 3-Shiriki Na Watumiaji Wote
point43,Takwimu ya kiwango inapatikana kwa watumiaji wote kupakua.
point44,Muhtasari wa Takwimu na taswira zitapatikana kwa watumiaji wote.
point45,Takwimu zitajumuishwa katika uchambuzi wa kikanda kwenye dashibodi.
point46,Mtoaji halisi wa takwimu anaweza kubainisha vikwazo au masharti yoyote ya matumizi yanayofaa kwa watumiaji wote
newdata,Kuthibitisha Takwimu Mpya na Iliyobainishwa
p29,"Katika tafiti, baadhi ya maswali huruhusu wakusanyaji takwimu kuongeza mvuvi mpya, mnunuzi, mkusanyaji wa takwimu, mahali pa kutua, spishi, au ""nyingine."" Taarifa kutoka chaguo hizi ni hatua mpya za takwimu na lazima zithibitishwe kabla ya kujumuishwa kwenye seti ya mwisho ya takwimu, kuonyeshwa kwenye dashibodi, na kuongezwa kwenye faili za marejeleo. Pia kuna vikwazo vilivyowekwa kuhusu uzito, bei, na urefu wa spishi, na ikiwa data iliyokusanywa iko chini au juu ya vikwazo hivi, nambari hizi zinabandikwa kwa ajili ya kuangaliwa. Vikwazo vya uzito na bei vinawekwa na washirika katika min_max_ref. Vikwazo vya urefu wa spishi huthibitishwa na timu kwa kutumia vigezo vya kibayolojia."
p30,"Takwimu yote inayopitia mfumo wa data za uvuvi inathibitishwa katika Smartsheet. Kuingizwa kwa vipengele vipya au vilivyobainishwa hivyo huchukuliwa kwenye jedwali la uthibitisho katika Smartsheet ili timu za uwanjani zithibitishe. jedwali la uthibitisho wa ubora ni maalum kwa washirika na inaweza kupatikana kupitia ombi la sasisho lililotumwa kwa barua pepe yako au kwa kutembelea viungo vya Maoni ya Dynamic View uliyopewa. Viongozi wa timu za uwanjani watapewa taarifa kupitia barua pepe wakati data inahitaji kuthibitishwa katika Jedwali ya udhibiti na ubora. Baada ya takwimu kuthibitishwa katika jedwali la uthibitisho, tutaweka taarifa mpya kwenye faili za marejeleo na kutoa marekebisho muhimu kwenye seti kuu ya takwimu."
p31,"Maagizo maalum, ya hatua kwa hatua ya jinsi ya kukamilisha uthibitishaji wa takwimu Katika Smartsheet yanaweza kupatikana kwenye ukurasa wa Uthibitishaji Wa takwimu."
datacol,Ukusanyaji Wa Takwimu
p32,"Blue Ventures inasaidia kufanya utafiti wote kupitia fomu za Kobo Toolbox ambazo zinaweza kushirikishwa kupitia akaunti ya Kobo Toolbox. Unaweza kuunda akaunti kwenye https://kf.kobotoolbox.org/accounts/signup/. Tafadhali wasiliana na timu na jina lako la mtumiaji na maelezo ya akaunti yako. Mara baada ya kushirikishwa katika utafiti, unaweza kupata fomu za Kobo kupitia programu ya bure ya simu ya Android ya KoboCollect au kupitia fomu ya mtandao ya Enketo. Maelekezo ya kina kuhusu jinsi ya kuunda akaunti ya Kobo, kukusanya data, na kuwasilisha takwimu yanapatikana kwenye ukurasa wa Kuweka Kobo. Tumia nambari ya QR kuweka mipangilio ya vifaa vyote baada ya kuweka kwa simu ya kwanza ili kuweka vifaa vingi chini ya akaunti moja ya ukusanyaji wa data. Kuweka kifaa cha kwanza kunahitaji URL ya seva ya Kobo, jina la mtumiaji, na nambari ya siri. URL ya seva ya Kobo ni https://kc.kobotoolbox.org. Taarifa zaidi kuhusu kuweka ukusanyaji wa data na Kobo, ikiwa ni pamoja na jinsi ya kuweka vifaa vingi vya ukusanyaji wa takwimu kupitia nambari ya QR, zinapatikana kwenye https://support.kobotoolbox.org/."
p33,"Baada ya kupakua KoboCollect, fungua programu na ingiza URL ya seva, jina la mtumiaji, na nambari ya siri ili kuunganisha programu yako ya KoboCollect na seva ya KoboToolbox. Kuunganisha programu ya KoboCollect na seva ya KoboToolbox kunaruhusu kupakua fomu zilizotekelezwa kutoka KoboToolbox kwenye kifaa chako cha simu na kutuma takwimu iliyokusanywa kupitia programu kurudi kwenye seva. Kwenye skrini, chagua ""Pata Fomu Tupu."" Orodha ya fomu zako zilizotekelezwa zinapaswa kuonekana. Bonyeza ""Chagua Zote"" ili kupata fomu zote za utafiti kutumwa kwenye programu, au chagua zile unazotaka kwa kubonyeza moja moja. Kisha bonyeza ""Pata zilizochaguliwa."" Kwa kufanya utafiti, chagua ""Jaza Fomu Tupu."""
p34,"Wakati fomu ya mtandao inasasishwa moja kwa moja wakati toleo jipya la utafiti linapopatikana, watumiaji wanapaswa kuchagua ""sasisho moja kwa moja"" wenyewe kwenye program za simu zao. Kusasisha mara kwa mara utafiti kwenye programu huhakikisha matumizi ya toleo jipya la fomu na kuepuka matatizo katika mtiririko wa takwimu. Unaweza kuweka sasisho ya moja kwa moja kwenye programu kwa kwenda kwenye ""Vipimo"" na ""Usimamizi wa Fomu."" Maelezo zaidi kuhusu kusasisha uchunguzi moja kwa moja kwenye programu yanapatikana kwenye ukurasa wa Kuweka Kobo. Ni muhimu kuzingatia kuwa mtandao unahitajika ili programu ipate toleo karibuni la utafiti, hata kama mipangilio ya sasisho ya moja kwa moja imesajiliwa. Hivyo basi, wahimize wakusanyaji takwimu kuwa na intaneti kabla ya kuanza kazi za uwanjani ili KoboCollect iweze kupata toleo la hivi karibuni."
p35,"Baada ya kukusanya takwimu, utafiti uliotumwa kupitia fomu ya mtandao utatumwa moja kwa moja kwenye seva mara tu mkusanyaji wa data atakapobonyeza kitufe cha ""Wasilisha."" Takwimu iliyokusanywa kupitia programu ya KoboCollect kwanza huokolewa kwenye programu katika sehemu ya kuhifadhi na kisha kutumwa kwenye seva. Fomu zilizokamilika zinasalia kwenye hifadhi kabla ya kuwasilishwa kwenye seva ili wakusanyaji wa takwimu waweze kufanya marekebisho ya uchunguzi baada ya kukusanya takwimu, au ikiwa hakuna intaneti, programu inaweza kuhifadhi utafiti na kisha kuwasilisha kwenye seva mara tu intaneti unapopatikana. Hasa, baada ya kukamilisha utafiti, mtumiaji atabonyeza ""Hifadhi fomu na toka,"" kuhakikisha kwamba ""Alama ya kuonyesha fomu imekamilika"" pia imethibitishwa. ""Hariri Fomu Iliyohifadhiwa"" huhifadhi fomu iliyohifadhiwa kiotomatiki. Mkusanyaji wa Takwimu anaweza kufanya mabadiliko muhimu na kuchagua ""Hifadhi Fomu na Toka."" Kwenye Skrini ina kitufe kinachoitwa ""Tuma Fomu Iliyokamilika."" Bonyeza Chagua Zote (au chagua zile unazotaka kupakia) kisha bonyeza ""Tuma Ilivyochaguliwa."" Chagua ""Tazama Fomu Zilizotumwa"" kuhakikisha kuwa fomu zimefanikiwa kupakiwa na sasa unapaswa kuweza kuona fomu zote zilizowasilishwa."
p36,"Mfumo wa kati wa kuhifadhi takwimu unajumuisha takwimu kwenye Kobo, na uchanganuzi na taswira za kiotomatiki zitapatikana kupitia dashibodi ya kiwango cha kawaida. Takwimu halisi imehifadhiwa kwenye hifadhidata ya KoboToolbox na itapatikana kwa kupakua au kutumia kiungo cha moja kwa moja kwenye hifadhidata nyingine au ghala la takwimu."
translations,Tafsiri
p37,"Tafsiri za lugha zote zinakamilishwa kwa kuhariri karatasi za tafsiri katika Smartsheet. Ikiwa utagundua kuwa tafsiri inahitaji kusasishwa au si sahihi katika utafiti, tafadhali sasisha moja kwa moja tafsiri husika katika karatasi inayofaa ya Smartsheet. Ikiwa timu inahitaji tafsiri mpya, washirika watapokea arifa kutoka Smartsheet."
ref,Faili Za Kumbukumbu/Marejeleo
p38,"Faili za marejeleo ni maalum kwa washirika au nchi husika na zina taarifa za kina kuhusu ngazi za kiutawala za jamii za uvuvi (nchi, mkoa, wilaya, kijiji), maeneo ya kutua, wavuvi, wanunuzi, wakusanyaji wa takwimu, data za spishi, maeneo ya usimamizi, aina za makazi, aina za zana, na mashirika ya washirika. Baadhi ya taarifa hujaza orodha za kushuka chini katika uchunguzi, na baadhi huunganishwa na seti kuu ya takwimu baada ya takwimu kukusanywa. Taarifa mpya zinapaswa kuongezwa moja kwa moja kwenye karatasi za marejeleo.."
p39,"Maagizo mahususi, ya hatua kwa hatua ya jinsi ya kusasisha faili za marejeleo Katika Smartsheet yanaweza kupatikana katika ukurasa wa Faili Za Marejeleo."
appendixa,Kiambatisho A: Mwongozo Wa kikundi cha majadiliano
p40,Mambo Muhimu ya Kuzingatia Kabla ya Kufanya utafiti au kuprofaili Uvuvi
p41,Uhusiano na uaminifu
p42,"Kujenga mahusiano na kupata uaminifu kutoka kwa jamii ni hatua muhimu ya kwanza kabla ya kuuliza kuhusu taarifa za uvuvi. Hatua ya kwanza ya kujenga mahusiano na kupata uaminifu wa jamii ni kujitambulisha, shirika lako, na madhumuni ya kufanya utafiti wa uvuvi."
p43,Maandalizi
p44,"Maandalizi ni muhimu katika kufanya kila mbinu ya utafiti, kwani maandalizi mazuri yatakupa ujasiri katika ufanisi wa kila mbinu unayotumia"
p45,Wakati wa kukusanya habari
p46,Rekebisha muda wa kufanya kila mbinu ili ulingane na muda wa mhojiwa mtarajiwa au kikundi cha jamii lengwa
p47,Mhojiwa
p48,"Kuelewa wahojiwa watarajiwa utakaokutana nao wakati wa utafiti wa kuprofaili uvuvi ni muhimu kwa kufanya uchunguzi. Makundi au watu binafsi watakaoshiriki katika mahojiano wanapaswa kupokea taarifa mapema. Kwa hivyo, kujitambulisha kwa viongozi wenye ushawishi katika jamii ni lazima kabla ya uchunguzi kuanza."
p49,Mipango ya Usafiri
p50,Kila mbinu ina mahitaji ya usafirishaji na vifaa. Hakikisha kuwa rasilimali na vifaa vinavyohitajika kwa kila mbinu ya utafiti wa kuprofaili uvuvi vimeandaliwa.
p51,Orodha ya Mawasiliano ya Watu Muhimu
p52,Hifadhi orodha ya mawasiliano ya watu muhimu kwenye simu yako na pia uwe na toleo lililochapishwa.
p53,Afya na usalama
p54,"Hakikisha kuwa uko katika hali nzuri ya kufanya profaili uvuvi. Leta kitanda muhimu cha huduma ya kwanza.
Hakikisha uko katika hali nzuri ya kufanya uchambuzi wa kuprofaili uvuvi. Chukua mfuko kutoa huduma ya kwanza wakati wa hatari."
p55,Mwongozo Wa Majadiliano Ya Kikundi
p56,"Maelezo yafuatayo yana mwongozo na mapendekezo kuhusu jinsi ya kufanya kikundi cha majadiliano kupata habari za uchambuzi wa jamii. Kufanya kikao cha majadiliano hupendekezwa ili kuchochea mazungumzo, kupata maoni anuwai, na kuanza kujenga mahusiano na wanajamii muhimu. Hata hivyo, katika hali ambapo kikundi cha majadiliano si rahisi, uchunguzi wa jamii unaweza kufanywa kama mahojiano binafsi na wadau muhimu kwa kutumia fomu ya Kobo ya ""Uchambuzi wa profaili ya Jamii"". Kwa ujumla, lengo la zoezi la uchambuzi wa jamii, iwe ni kikundi cha majadiliano au mahojiano binafsi, ni kuelewa mandhari ya jumla ya jamii na shughuli za uvuvi zinazoendeshwa ndani ya jamii."
p57,Kabla ya kufanya kikundi cha majadiliano
p58,"Kabla ya kuandaa kikundi rasmi cha kuzingatia utafiti wa kuprofaili uvuvi, inapendekezwa kufanya mazungumzo yasiyo rasmi na uchunguzi wa washiriki. Mbinu hii inamaanisha kutumia muda, kujenga mahusiano, na kuelewa shughuli za uvuvi kwa kutumia mazungumzo yasiyo rasmi na uchunguzi wa washiriki."
p59,"Mazungumzo yasiyo rasmi ni muhimu kuelewa muktadha wa jumla wa uvuvi kabla ya kufanya mjadala wa kikundi cha kuzingatia. Tumia mbinu hii kama moja ya hatua za kuanza kuandaa mada ya mjadala wa kikundi cha majadiliano. Mbinu hii itakuruhusu kujifunza jamii ya uvuvi, kuanza kujenga mahusiano, na kupata uaminifu."
p60,Vidokezo vilivyopendekezwa vya kufanya mazungumzo yasiyo rasmi:
tip1,"Heshimu tofauti za kitamaduni. Fuata sheria za kijamii kama salamu za kukubalika, mavazi, na heshimu mila za kidini. Kuwa na adabu, unyenyekevu, na sikiliza maoni ya wadau bila kusimamia yako mwenyewe. Kukaa ndani ya jamii, kujenga uhusiano mzuri, na kushiriki milo kunaweza kusaidia kujenga uaminifu."
tip2,"Tumia muda na wadau. Hakuna njia ya mkato ya kupata imani na uungaji mkono. Hasa ndani ya jamii ni vizuri kuonekana, kutumia muda katika vijiji na kukutana na watu. Kuwa tayari kujadili masuala makuu ndani ya jamii. Usijaribu kusukuma ajenda moja maalum."
tip3,"Tumia lugha ya kienyeji ikiwezekana, isipokuwa kama kuna lugha ya pamoja inayopatikana. Vinginevyo, tumia mkalimani. Kuwa makini na makosa katika tafsiri. Kuhakiki tafsiri kati ya mkalimani zaidi ya mmoja kunaweza kupunguza makosa ya uelewa"
tip4,"Usitoa ahadi ambazo haziwezi kutimizwa. Weka wazi malengo na matokeo yanayotarajiwa bila kuongeza matarajio. Hii ni muhimu kusisitiza mapema ili jamii iwe na uelewa wazi juu ya jukumu la mshirika wa kiufundi, kwa mfano kuwezesha kufunga uvuvi wa pweza, si kuchimba visima au kurekebisha shule. Ni muhimu kuhakikisha kila mtu anafahamu ni nini shirika linaweza na halwezi kufanya ndani ya jamii. Kuhakikisha matarajio ya kweli husaidia kupunguza huzuni, malalamiko, na migogoro wakati mradi unapoendelea."
tip5,Tangaza mipango na shughuli kwa watu wote. Hakikisha mikutano au shughuli zozote zimepangwa mapema na katika nyakati na maeneo yanayokubalika kwa pande zote ili kuongeza idadi ya washiriki. Hakikisha mabadiliko yoyote katika mipango na shughuli yanatangazwa mapema iwezekanavyo. Kuwa kwa wakati na kuzingatia makubaliano husaidia kujenga imani na ujasiri kati ya wadau.
tip6,Kila wakati tambua wadau katika matokeo ya miradi kama ripoti na kutolewa kwa vyombo vya habari ndani ya mikutano na maonyesho ya nje kwa wadau. Kuwa makini na 'umiliki' wa habari na heshimu usiri na faragha
p61,"Kuelewa vyema mandhari ya washikadau katika jamii ni lengo muhimu katika kufanya mazungumzo yasiyo rasmi na uchunguzi wa washiriki. Wadau huathiri au wanaweza kuathiriwa na vitendo vya shirika. Msaada wao ni muhimu kwa mafanikio ya shirika katika kutekeleza mipango ya usimamizi wa uvuvi. Kwa kuwaelewa vyema wadau, utawatambua vyema wadau wanaohusika katika ufuatiliaji wa uvuvi siku zijazo kwa ajili ya usimamizi wa uvuvi katika maeneo yao."
examples,Mifano ya aina ya wadau wa kujumuishwa:
example1,Wavuvi
example2,Mkuu wa kijiji
example3,viongozi wa dini
example4,Mkuu wa wilaya
example5,Mfanyakazi wa afya kwenye jamii/mtaalamu wa afya
example6,Mnunuzi/Msambazaji kwa Kijiji
example7,Kiwanda cha uchakataji
example8,Wanawake katika kijiji / wake wa wavuvi
p62,Taarifa kuhusu wadau zikusanywe:
point47,"Taarifa kuhusu wadau muhimu na nafasi zao kuhusiana na malengo ya taasisi (kiwango cha msaada, mamlaka, n.k.). Taarifa hii inaweza kutumika kubaini ni wadau gani wa kujumuishwa katika kundi la majadiliano/mahojiano ya kuprofaili jamii"
p63,"Baada ya kufanya mazungumzo yasiyo rasmi, hatua inayofuata unayoweza kufanya ni uchunguzi wa washiriki. Uchunguzi ni mbinu inayokuruhusu kutumia matukio yanayokuzunguka kukusanya dalili na kutoa hitimisho kuhusu maeneo maalum au uzoefu kwa kuchunguza siku moja katika kijiji cha uvuvi. Mbinu hii ni muhimu kukusanya ushahidi kutoka kwa taarifa zilizotolewa katika mazungumzo yasiyo rasmi. Mbinu hii inakuruhusu kuelewa shughuli za maisha ya kila siku katika kijiji cha uvuvi"
p64,Taratibu Za Kikundi Cha majadiliano/mahojiano
2a,Kuandaa kikundi cha majadiliano/mahojiano
2a.1,"Ni muhimu kudumisha mahusiano mazuri na jamii lengwa. Kwa hiyo, popote inapowezekana vijiji vinapaswa kuarifiwa kuhusu mpango wa mkutano wa kundi la majadiliano wiki mbili kabla."
2a.2,"Ikiwa kijiji kina mpokeaji wa simu ya mkononi, piga simu kwa kiongozi wa kijiji au mtu mwingine tofauti wa mawasiliano."
2a.3,"Ikiwa kijiji hakina mpokezi wa simu ya mkononi, fanya ziara katika kijiji ili kukutana na kiongozi wa kijiji au mtu mwengine wa kuwasiliana naye"
2a.4,"Wakati wa simu hii au kutembelea kiongozi wa kijiji au mtu mwengine wa mawasiliano, eleza yafuatayo:"
2a.4.1,Lengo la mkutano
2a.4.2,Mahali pa mkutano
2a.4.3,Tarehe na wakati wa mkutano
2a.4.4,Njia ya kuwajulisha washiriki wa mkutano
2a.4.5,Idadi ya washiriki
2a.4.5.1,Wanakijiji wote au watu maalum kulingana na wavuvi bora (2)
2a.4.5.2,Wavuvi wa mara kwa mara (2)
2a.4.5.3,Wavuvi wanaotembelea maeneo mbalimbali ya kuvua (2)
2a.4.5.4,Wavuvi wanaoheshimiwa vyema ikiwezekana na wenye uzoefu katika ramani (2)
2a.5,"Wanawake - wasiliana na kiongozi wa kijiji mapema ili kuhakikisha kama kundi la majadiliano linaweza kufanyika kama jinsia zote mbili ziko pamoja, kwani katika baadhi ya maeneo, hili haliwezekani kila wakati"
2a.6,"Jaribu kuepuka kufanya mkutano/mikutano wakati wa mawimbi makubwa/msimu wa juu wa uvuvi, kwani wavuvi wengi wanaohitajika watakuwa na shughuli nyingi za uvuvi."
2a.7,Hakikisha kuangalia ratiba za miradi mingine ambayo inaweza kuwa inafanya kazi katika eneo moja kwa wakati huo ili kuepuka migongano.
2b,Timu ya kikundi cha majadiliano/mahojiano
p65,"Yafuatayo ni majukumu yanayopendekezwa kwa kiongozi anayeongoza kikundi cha majadiliano. Kwa kiwango cha chini, kundi la majadiliano linapaswa kuwa na anayeongoza majadiliano na mwandishi wa kumbukumbu"
p66,Mwendeshaji mkuu wa majadiliano: Anaongoza na kudhibiti mkutano
2b.1,Huanzisha mkutano
2b.2,Anaendesha mkutano
2b.3,Anadhibiti mchakato wa mazungumzo
2b.4,Anakuwa kama kichocheo kati ya watu wa kundi
2b.5,Hupata njia za kuunganisha watu wenye usemi mkubwa na wale walio kimya na kuhakikisha kuwa wanachama wote wa kundi wanaweza kutoa maoni yao
2b.6,Hakikisha kuwa kundi linabaki kwenye mada lakini pia ni mwenye ni rahisi kubadilika ili kushughulikia taarifa muhimu zaidi
2b.7,Anarudia kwa maneno yake mwenyewe kile watu wanachosema ili kuhakikisha kuna uelewa mzuri wa mjadala
2b.8,Anahakikisha usimamizi mzuri wa saa/muda
p67,"Msaidizi wa mwendeshaji wa majadiliano: Husaidia mwendeshaji mkuu, hasa katika kuonyesha vifaa vya kuona."
2b.9,Anasaidia anayechukuwa kumbukumbu katika kukusanya taarifa zote muhimu
2b.10,"Anasaidia kuonyesha vifaa vya kuona na husaidia na vipengele vingine shirikishi vya mkutano kama vile kuhesabu kura, kuchukua kumbukumbu ambazo zinaonyeshwa, kugawa vifaa, n.k."
2b.11,Aleta vifaa vinavyohitajika
2b.12,"Huwasaidia anayeongoza majadiliano kwa njia isiyo ya moja kwa moja kwa kutoa ishara (kwa mfano, kuonyesha wale wanaotaka kuzungumza)"
2b.13,"Anasaidia anayeongoza majadiliano moja kwa moja kwa kuuliza maswali, ikiwa hali inahitaji."
p68,Mchukuaji wa Kumbukumbu: Ananukuu mkutano
2b.14,Analifuatilia tukio kimya kimya
2b.15,Ananakili majibu yote. Ni muhimu kuwa na orodha ya maswali iliyochapishwa ili iweze kuambatanishwa na maelezo wakati wa mkutano.
2b.16,Ananakili habari zote muhimu
2b.17,"Anaandika ni nani anazungumza. Je, kuna ushiriki sawa wa watu wote au baadhi wanadhibiti mchakato? Je, wanawake wanazungumza?"
2c,Washiriki wa kikundi cha majadiliano/mahojiano
p69,"Fanya upangaji wa makini kuhusu nani wa kualika kwenye mkutano wa kikundi cha mwelekeo. Kutambua watu 10-12 kunapendekezwa ili kuhakikisha kuwa ukubwa unaweza kudhibitiwa, kuruhusu uwakilishi wa kutosha wa mitazamo tofauti. Iwezekanavyo, jumuishe wawakilishi kutoka kwa vikundi mbalimbali vya wadau na sekta za jamii (tazama mifano ya aina za wadau katika sehemu iliyo hapo juu). Wakati wa kuchagua washiriki, zingatia ujuzi wao na majukumu katika jamii. Kuwakaribisha watu wenye ujuzi zaidi kuhusu uvuvi na jamii, kama vile mvuvi wa muda wote badala ya mvuvi wa burudani wa mara kwa mara, itatoa maelezo thabiti na sahihi zaidi. Kutambua na kualika watu ambao wanaheshimiwa sana katika jamii kunasaidia kujenga uaminifu."
2d,Majadiliano vifaa na mbinu
p70,"Takwimu inaweza kukusanywa katika fomu ya “Uchunguzi kuprofaili jamii” kwa fomu ya kobo. Hata hivyo, inaweza kuwa rahisi zaidi kwa mchukuaji wa kumbukumbu kuhifadhi takwimu kupitia maelezo yaliyoandikwa ili kunasa kwa urahisi zaidi vivumbe na taarifa zinazotokana na majadiliano ya kikundi, kama vile majibu tofauti kwa kila mhojiwa"
p71,"Ikiwa habari inakusanywa kwa kuchukua maelezo. Baada ya mkutano wa kikundi kukamilika, majibu yanapaswa kuingizwa katika fomu Ya Kobo Ya ""Utafiti wa Profaili ya Jamii""."
p72,Wahimize washiriki wote wa kikundi kuzungumza kwani wanawakilisha mchanganyiko wa umri na msimamo wa kijamii ambao unaweza kuwa na uzoefu tofauti wa uvuvi.
p73,"Kuuliza maswali moja kwa moja kwa kikundi na kusubiri wanaojitolea kujibu ni njia moja ya kuongoza mjadala. Hata hivyo, kubadilisha jinsi kiongozi anavyotaka majibu kunaweza kusaidia kuweka mjadala kuwa wa kuvutia na pia kuhakikisha kuwa sauti zote zinasikilizwa na washiriki wasiozungumza sana wanaweza kushiriki. Kabla ya kuanza kikundi cha mwelekeo, fikiria jinsi ungependa kuchochea majibu kwa kila swali lililopangwa"
2d.1,Fungua jukwaa-Mtu yeyote anaweza kujibu swali na kuzungumza.
2d.2,"Waite washiriki mahususi - Hii inaweza kusaidia kuhakikisha kuwa washiriki wasiozungumza sana wanapata nafasi ya kuzungumza. Hii inaweza kutumika baadaye katika mjadala mara baada ya kiongozi wa majadiliano kutambua ni washiriki gani wanaoweza kufaidika na kuitwa kuzungumza. Vinginevyo, kiongozi wa mazungumzo anaweza kutumia mbinu hii wakati anapojua kuwa mshiriki fulani ana ujuzi muhimu au habari zinazohusiana na swali."
2d.3,"Majibu ya haraka - Enda katika mduara na kila mtu kwa kifupi anachangia maoni/yake kuhusu swali. Hii inaweza kuwa na ufanisi katika kuhakikisha inahusisha kila mtu. Hata hivyo, hakikisha kuwasilisha wazi na kutekeleza vizuri mipaka ya wakati, vinginevyo mbinu hii inaweza kutumia muda mwingi sana wa majadiliano"
2d.4,Piga kura - Uliza swali kwa hadhira na watu wainue mikono yao kulingana na chaguzi tofauti wa majibu. Hii inaweza kufanyika kwa uwazi au kwa siri na macho yakiwa yamefungwa au watu wakiandika majibu yao kwenye karatasi zilizokunjwa ambazo baadaye zinakusanywa.
2d.5,"Vikundi - Gawa kundi katika vikundi vidogo ambavyo vinajadili na kutoa ripoti kwa kundi kuu. Mbinu hii husaidia sana na vikundi vikubwa ambapo hakuna muda wa kutosha kwa wanachama wote wa kundi kushiriki katika jukwaa la kundi zima. Katika hali hii, hakikisha kila kundi lina wadau wanaowakilisha maoni na mitazamo tofauti."
p74,Maswali ya mjadala wa kikundi
p75,"Anza kundi la majadiliano kwa kujitambulisha, kueleza mradi, na lengo la mkutano. Kisha, wawezeshe kila mtu katika chumba kujitambulisha. Panga njia bora za kila swali la kuchochea na kukusanya majibu mapema (angalia sehemu hapo juu kwa mawazo). Tafadhali angalia nakala ya Utafiti wa Profaili ya Jamii kwa orodha kamili ya maswali ya kundi la majadiliano kufuatilia"
p76,Vifaa vya Kuongoza majadiliano (vinapatikana kwa Kiingereza))
